{
  "project_info": {
    "project_number": "1014603124392",
    "firebase_url": "https://ludo-ninja-8b74b-default-rtdb.firebaseio.com",
    "project_id": "ludo-ninja-8b74b",
    "storage_bucket": "ludo-ninja-8b74b.appspot.com"
  },
  "client": [
    {
      "client_info": {
        "mobilesdk_app_id": "1:1014603124392:android:033cdb615f7ed0b4297c9d",
        "android_client_info": {
          "package_name": "com.fufu.ludo_ninja"
        }
      },
      "oauth_client": [
        {
          "client_id": "1014603124392-l0dm3f3u9omlq4s1ivmf0fgq6k0v6bjm.apps.googleusercontent.com",
          "client_type": 3
        }
      ],
      "api_key": [
        {
          "current_key": "AIzaSyDmnFIDpIYy8QNKK3VY1cGuPV6xqf51hms"
        }
      ],
      "services": {
        "appinvite_service": {
          "other_platform_oauth_client": [
            {
              "client_id": "1014603124392-l0dm3f3u9omlq4s1ivmf0fgq6k0v6bjm.apps.googleusercontent.com",
              "client_type": 3
            }
          ]
        }
      }
    }
  ],
  "configuration_version": "1"
}